"CODE_INSEE";"N_REDEVABLES_2014";"PATRIMOINE_2014";"IMPOT_2014";"N_REDEVABLES_2015";"PATRIMOINE_2015";"IMPOT_2015";"N_REDEVABLES_2016";"PATRIMOINE_2016";"IMPOT_2016";"COM_FINAL";"P14_POP";"P14_LOG";"P14_RP";"P14_RSECOCC";"P14_LOGVAC";"P14_PMEN"
"01053";161;2094947;7644;161;2180489,81987578;7894,04347826087;168;2245649,4702381;8327,39285714286;"BOURG-EN-BRESSE";40967;22945,7255800734;20089,4450351052;466,97766844422;2389,30287652398;38586,9732751899
"01283";91;2901576;11369;91;2994692,96703297;11458,6923076923;89;3179724;11546,8651685393;"OYONNAX";22485;10837,5038700338;9393,08652857859;215,470440181571;1228,94690127367;22212,6665544629
"02408";67;2268186;7280;66,0184761406524;2309092,70850771;7497,76965628603;67,0031688042378;2329849,25309449;7502,56537338037;"LAON";25282;13605,211103366;12054,1428871347;157,627094289208;1393,44112194206;23946,9766198284
"02691";153;2554804;10878;154,062534629901;2508228,8559042;10559,3992543244;150,011090814832;2663027,80351886;11982,2705542361;"SAINTQUENTIN";55878;29928,4121074139;26338,3571169512;243,599385208818;3346,4556052539;54560,7404015888
"02722";157;2392208;9905;170,061113388312;2488803,81526563;11233,991380634;162,010411785353;2523700,83712233;11295,3051409248;"SOISSONS";28290;14634,4108958246;13325,6897176971;184,780370472174;1123,94080765531;27595,0046471882
"03185";115;2229932;7076;113;2592185,48672566;8478,1592920354;116;2607048,5862069;9145,27586206897;"MONTLUCON";37289;24060,6262589581;19653,8804966294;457,1981742403;3949,54758808835;35308,5789830096
"03190";NA;NA;NA;NA;NA;NA;62;2584268;10450,3387096774;"MOULINS";19762;12599,2009943871;10747,5853443682;295,751741795815;1555,86390822313;18885,9836173084
"03310";160;2422487;8697;166;2472993,11445783;9344,88554216867;171;2417506,23976608;8617,0701754386;"VICHY";25279;20972,0547400742;15073,6904253197;1640,12043135214;4258,24388340232;24685,997846514
"04112";130;2416721;12382;135;2438748,24444444;11706,5777777778;131;2495626,19083969;11893,1450381679;"MANOSQUE";21941;12326,2046618559;10419,2268576354;367,263432062957;1539,71437215754;21354,4603029729
"05061";208;2274955;7852;205;2320903,30731707;7325,11219512195;214;2380851,30841121;7916,21962616822;"GAP";40225;21810,6047278028;19015,7363559616;812,659891208985;1982,20848063219;39008,2798072301
"06004";912;2480660;9902;946;2535596,90909091;10174,3319238901;980,018035908434;2552434,19868885;10386,3752583676;"ANTIBES";75731;61412,8058426816;37432,4739107165;19941,2263919378;4039,10554002735;74368,2095806566
"06027";388;2192879;8460;386;2232023,88860104;8788,13212435233;399,004612236126;2240989,91190656;8381,67983341451;"CAGNESSURMER";47811;30356,5820733974;23432,2150407287;5049,74683639719;1874,62019627149;46911,9968511623
"06029";1478;3051483;13695;1492;3080077,6849866;13643,7835120643;1497,03689788901;3092357,80203969;14090,2354270294;"CANNES";73744;71545,6498869417;38189,7032880688;30389,3322893013;2966,61430957156;71550,371415023
"06030";359;2578026;11392;371;2590332,21293801;11033,884097035;382,006952773862;2545566,47907516;10863,2635239029;"LECANNET";42454;26115,630313324;21449,3780576323;3723,79888294648;942,453372745224;41452,9939184983
"06069";320;2437843;10528;333;2434023,81981982;10172,963963964;330,005438308268;2426589,42258678;10224,8860422977;"GRASSE";50409;25741,9054837834;21342,573434097;1777,08521150496;2622,2468381814;48258,0095257248
"06079";344;2314276;9129;353;2361582,5184136;9513,73654390935;353,00626438041;2400587,08988247;9914,42969390379;"MANDELIEULANAPOULE";22696;20956,6321232957;11801,4621234377;8062,54476864049;1092,62523121752;22453,6639535929
"06083";204;2309100;9163;217;2296533,22119816;8185,65898617512;224,003166609878;2245748,77030226;8251,36068872425;"MENTON";28563;28202,5412340258;13714,1324295914;12169,9977355105;2318,41106892391;28097,998601889
"06088";2876;2498126;10231;2973;2573620,45980491;10365,6061217625;3064,05314397447;2553794,72584002;10512,0080833648;"NICE";343895;226720,207726093;167473,276418161;29297,5226421563;29949,4086657756;335043,989021616
"06123";198;2291829;9445;202;2281756,57920792;9313,82178217822;212,002822413152;2325973,91333627;9927,33230918229;"SAINTLAURENTDUVAR";29067;17452,4227604402;13903,2188008955;1996,25482026399;1552,9491392807;28836,6679462802
"06155";313;2407427;9082;331;2465346,52265861;9804,95468277946;335,005507147613;2578577,64888091;10828,6758493112;"VALLAURIS";26302;19582,4425722027;11913,5423944352;5836,89155839638;1832,00861937112;25921,0018365558
"06900";514;3866927;27165;558;3835626,17562724;26789,1433691756;578,028430649552;3881018,47975507;27093,7350707828;"MONACO";NA;NA;NA;NA;NA;NA
"08105";127;2172691;7901;133;2234331,94736842;7988,23308270677;129;2266679,98449612;8462,3023255814;"CHARLEVILLEMEZIERES";48615;26071,3327846365;23413,5440774789;232,816210951427;2424,97249620618;46882,0123766891
"10387";210;2844484;12961;215;2823187,64186047;12436,3348837209;210,427569688631;2847662,26097709;14794,5878715704;"TROYES";60750;36294,1764696517;31478,9654486545;878,968632782396;3936,24238821479;58867,9894495343
"11069";138;2281341;8623;138;2310152,41304348;9097,89855072464;147;2357345,50340136;8965,30612244898;"CARCASSONNE";45941;26944,000932735;22097,2717820067;861,981053076722;3984,74809765153;44426,9999360934
"11262";164;2374037;8775;168;2408426,99404762;8930,25;183;2384716,84699454;8693,04371584699;"NARBONNE";52855;34872,1561755002;25704,6391384007;5677,10666046357;3490,41037663592;51754,9933166113
"12145";67;2498838;9498;65;2730494,47692308;11983,2769230769;71;2585696,46478873;10792,5774647887;"MILLAU";22064;12749,1587503269;10607,8475314832;807,383075329689;1333,92814351406;21450,6835463622
"12202";137;2418216;10217;147;2324393,73469388;9553,63945578231;149;2337404,34228188;8757,43624161074;"RODEZ";24088;15827,3462439381;13073,3178959067;466,094293503046;2287,93405452831;23083,2981898213
"13001";1809;2730096;11080;1872,31552792022;2734937,54172802;10691,7646179373;1931,26782900042;2802328,61033021;10790,351795451;"AIXENPROVENCE";142149;80511,8846684554;69017,8604885269;3927,41811061662;7566,60606931183;134404,029395425
"13002";127;2146669;7774;127;2236012,20472441;8691,14173228346;123,084785716401;2360917,76497207;8768,76982272395;"ALLAUCH";21481;8984,88554662427;8552,56336266013;123,651044029607;308,671139934536;21096,0051521349
"13004";181;2438664;9800;193,029904967293;2350865,2514655;9244,94834695873;191,023545406631;2407501,50112291;9619,83177972933;"ARLES";52697;27272,443732774;24108,401006387;1021,41573419316;2142,62699219385;51774,5384300134
"13005";219;2419238;10109;231;2381829,64935065;10096,4718614719;230,204256498603;2415144,39834302;9115,83425833068;"AUBAGNE";45128;21025,1195221599;18722,9458295257;353,746090110378;1948,42760252385;43213,98778147
"13028";247;2343374;8780;254;2307355,42519685;8537,36614173228;267,246649356804;2373553,4388305;9071,01417902613;"LACIOTAT";35631;22615,7101818372;16818,6522762915;4168,60752535422;1628,4503801915;34900,9908771133
"13041";51;1888129;5826;54,0054927490946;1985029,88747099;6822,11175043485;NA;NA;NA;"GARDANNE";19910;9194,09577127753;8429,26779765876;60,0211611154798;704,806812503293;19664,9972163383
"13047";70;2486815;9647;70,0109854981893;2785242,33819287;13093,6257489299;69,0093200567913;2813552,31292758;9517,17319132004;"ISTRES";43463;19073,0877645332;17775,2392393816;260,01330499353;1037,83522015806;42028,2399674505
"13054";68;2201524;6537;73,0085442763694;2153460,4721435;7715,07770912553;70,0068674102673;2248672,23901869;8333,47382247584;"MARIGNANE";34154;14950,869813928;13910,2620623497;127,629403624536;912,978347953775;33450,0065886708
"13055";3680;2618201;10602;3821;2655857,44412457;10289,0832242868;3897,96565918988;2723178,70111326;10545,9064802364;"MARSEILLE";858120;432378,401871607;388072,032015172;11429,1500399867;32877,2198164479;834253,772002739
"13056";96;2095871;7697;96,0097648872793;2114239,81183649;7121,91772039125;97,0093200567913;2180432,3667243;7512,89290526426;"MARTIGUES";48870;24139,0342833682;21426,5508743734;1519,87668266489;1192,60672632995;47893,9984383571
"13071";NA;NA;NA;70,0085442763694;2234187,97910329;6342,67861087927;75,0083389981817;2257535,26700551;6424,05199222638;"LESPENNESMIRABEAU";20492;8816,34903449719;8394,14361147567;34,5841743128674;387,621248708653;20286,3891229352
"13103";157;2097728;7260;162,017088552739;2153884,91275546;7961,70464460894;167,015696937754;2217512,79864478;8509,1220667799;"SALONDEPROVENCE";44187;21249,7006450131;18916,2901690089;296,010372084531;2037,40010391969;42120,9780857139
"14118";574;2554866;10236;578;2583493,94982699;10417,5761245675;587;2660391,35775128;10084,8160136286;"CAEN";106538;64408,5449934316;57710,0601662017;1251,49171857927;5446,9931086506;100617,998095928
"15014";107;2492085;10143;106;2565041,54716981;11262,9716981132;117;2558611,28205128;9369,54700854701;"AURILLAC";26135;16934,3513943451;13947,9266337509;820,103337156309;2166,32142343791;24609,016258317
"16015";142;2442795;8903;142;2484783,5915493;8786,40845070423;138;2559151,13768116;9296,92753623188;"ANGOULEME";41955;26141,833761389;22505,512689357;531,90689566662;3104,41417636541;40786,160840077
"17299";51;2153786;7455;53;2166622,22641509;7455,37735849057;53;2272478,77358491;7827,94339622641;"ROCHEFORT";24300;15282,3473771283;12485,0487078274;1208,616200954;1588,68246834694;23506,0097060958
"17300";546;2543760;10219;577;2545694,10225303;10099,2253032929;606;2565847,4290429;10103,3828382838;"LAROCHELLE";74998;50115,4407308696;41661,138199537;5284,28806671967;3170,0144646129;73302,0024128074
"17415";100;2166173;7645;102;2265039,92156863;8285,58823529412;108;2368976,64814815;9108,56481481482;"SAINTES";25149;15233,1821265324;13339,4959994631;381,949385105765;1511,73674196357;23996,3606342675
"18033";247;2220650;7708;247;2213796,11336032;7876,39271255061;256,373004948588;2233136,43236286;7185,05594383332;"BOURGES";66528;38082,8664364303;32666,0301215193;722,392021002732;4694,44429390822;63617,0212995015
"19031";219;2567761;10581;222;2507783,49099099;10117,0585585586;228;2642703,93421053;11165,5087719298;"BRIVE";46961;28113,5935735304;23710,5589242894;731,822447965179;3671,21220127587;45584,9945696056
"21054";144;2734065;9681;145;2799754,33793103;10414,2275862069;158;2756460,51265823;10329,5063291139;"BEAUNE";21579;11944,2944411285;10484,0725793989;467,457786927875;992,764074801731;20958,6463961842
"21231";651;2606741;9776;686;2619707,97084548;8714,65889212828;689;2653958,56894049;8979,19303338171;"DIJON";153668;90451,7329113421;81326,9263516657;2007,03055012627;7117,77600955011;146613,217063883
"22113";77;2149540;7739;83;2202852,08433735;8329,07228915663;78;2252860,35897436;8677,84615384615;"LANNION";19869;11287,3768828325;9908,55300614766;452,17755482574;926,646321859115;18953,0113814726
"22278";171;2322805;8122;176;2354862,79545455;8301,46590909091;173;2431624,39306358;8763,40462427746;"SAINT-BRIEUC";45207;26800,8631451497;22960,1998774849;764,491700305475;3076,17156735928;43203,3018268995
"24037";110;2057546;7328;113;2057581,42477876;7043,48672566372;114;2010691,68421053;6324,20175438596;"BERGERAC";27764;16833,4260169866;14206,0126860167;540,747564869223;2086,66576610065;27000,2803739774
"24322";104;2311857;9437;109;2337488,26605505;10408,1009174312;109;2244538,32110092;9057,11009174312;"PERIGUEUX";30069;19846,0745102814;16766,9542658287;640,691318590323;2438,42892586241;28803,9943784707
"25056";380;2464989;9275;389;2506261,62210797;8866,94858611825;382;2536892,69109948;8973,06020942408;"BESANCON";116690;69387,980930795;61081,5540621312;1721,99046436462;6584,43640429919;111715,001553157
"25388";59;1975678;6737;59;2009916,84745763;7332,18644067797;59;2089349,45762712;7781,18644067797;"MONTBELIARD";25521;13713,6139842522;11902,5640879142;202,640179863441;1608,40971647455;24767,9927888677
"26198";152;2370294;8464;156;2486585,83974359;8296,76923076923;162;2606072,72222222;10227,8641975309;"MONTELIMAR";37193;20014,7846160318;17459,5556246511;448,979049172502;2106,24994220824;36556,48129091
"26281";97;2255022;7051;95;2352834,16842105;7449,8947368421;98;2344237,68367347;7253,60204081633;"ROMANS";33366;17953,8568691346;15794,6524226952;219,03562195722;1940,16882448218;32478,4640759858
"26362";242;2666553;11186;251;2668556,04780876;9622,27888446215;255;2729147,19215686;10459,2509803922;"VALENCE";62150;36167,0229016138;30487,3218185891;606,878073420295;5072,82300960442;60494,9987567882
"27229";144;2321069;9101;145;2374739,95862069;9007,02068965517;138;2355889,24637681;8998,78985507246;"EVREUX";49461;25816,2990763421;23117,815759491;178,902258066568;2519,58105878457;47538,0167132068
"27681";90;2179962;7669;93;2129500,58064516;7249,49462365591;94;2223157,37234043;7537,27659574468;"VERNON";23951;11848,7078074559;10396,9366819592;172,618683441577;1279,15244205515;23345,6916892481
"28085";245;2470387;10147;270;2466652,06666667;9771,30740740741;270;2496467,18148148;10595,6888888889;"CHARTRES";38728;21688,6837971434;19058,2021337662;336,687415364997;2293,79424801222;37318,7151574701
"28134";66;2544428;12091;65;2543588,04615385;11937,2923076923;69;2604331,76811594;12571,5072463768;"DREUX";31191;13656,6722950673;12181,695465451;191,94512390147;1283,03170571485;30292,1107833503
"29019";270;2780051;10239;264;2797366,81060606;9666,96212121212;270;2768691,52962963;8805,1037037037;"BREST";139384;82058,6608999679;73703,5337683752;2280,51576559996;6074,6113659927;134365,903123653
"29232";214;2382947;7642;207;2366070,56038647;6606,32850241546;218;2491747,77522936;7639,44495412844;"QUIMPER";63513;37439,6032981467;32600,4809752139;1094,31312769045;3744,80919524231;61324,9930670636
"2A004";252;2685028;11673;261,169885633561;2653221,1368893;11350,4090433675;279,422535165524;2708015,33782737;12194,9281731564;"AJACCIO";68587;33108,1682590269;28662,0417635144;3106,10584202415;1340,02065348838;67077,5425215756
"2B033";105;2561976;12311;113;2576936,0619469;11445,1415929204;121;2436331,46280992;10237,0330578512;"BASTIA";43331;20330,6401847865;19162,4440757713;422,284837323898;745,911271691251;42641,9949595143
"30007";120;2131525;7149;123;2268567,99186992;7670,06504065041;128,249741991027;2276871,12096166;7960,15540207546;"ALES";39993;24194,9341682882;20720,0120991204;656,472645200163;2818,44942396761;39151,0026751975
"30189";681;2378146;9304;698;2371828,77363897;9247,61318051576;704,471693875696;2428303,67068503;9560,28972708414;"NIMES";151075;80676,0099838211;70786,3295221288;3467,97127874586;6421,70918294643;145405,999684043
"31069";84;2369925;9099;97,0498693794117;2323229,27268405;8446,60433149447;102,11330053693;2451425,12089411;9506,67678693679;"BLAGNAC";23416;11757,5120480214;11203,4160757588;175,811302520226;378,284669742326;22977,9995289795
"31149";93;2064543;6057;94,0284967882353;2098213,06502406;5911,95981279399;98,0713373751042;2149367,44125394;6198,55231895189;"COLOMIERS";38541;17199,3905686276;16755,0373300222;199,067802129105;245,285436476251;37987,00361829
"31395";85;2338937;7468;85,0427451823529;2449008,83136928;7352,43555764142;88,0755336912868;2396227,41129073;8338,25142774082;"MURET";24975;11904,4371204472;10870,6051226588;83,4596049368774;950,3723928515;23609,0079013975
"31555";2569;2456392;9475;2726,62194219706;2475766,40986031;9492,45516755917;2793,92063606309;2499551,00319977;9595,36077084465;"TOULOUSE";466297;279106,527607158;248424,864671124;7224,71700227392;23456,9459337602;455637,416889087
"31557";168;2473759;8920;176,113987152941;2516696,30402062;8583,97140306026;182,20981580913;2534655,93114339;8988,26298675245;"TOURNEFEUILLE";26674;11694,9063548183;11062,1409631312;90,1374371950454;542,627954492084;26569,0008888569
"32013";82;2203300;6548;86;2141574,29069767;6566,54651162791;88;2091004,35227273;6131,59090909091;"AUCH";21807;13348,738426962;11366,3498061693;294,633930231354;1687,75469056139;20836,898111422
"33063";2242;2650935;11094;2433,00295920172;2668292,03059747;10656,6934875424;2570;2696110,61828794;10564,2626459144;"BORDEAUX";246586;150556,088235969;134673,885338387;5415,43093287547;10466,7719647061;240703,487055127
"33069";292;3306298;10994;321,000435452151;3292751,85422436;11165,2537371615;339;3249561,48377581;11346,3333333333;"LEBOUSCAT";23439;12527,4037637319;11371,6979516208;270,113755758489;885,592056352652;23176,3355562068
"33162";86;2186755;8207;88,0000983279051;2250293,70148831;7673,83852614389;93;2185240,40860215;7820,2688172043;"EYSINES";21813;10013,9279709063;9476,94973369567;49,7294972231919;487,248739987475;21059,0057306966
"33192";139;2460728;9495;153,000191973529;2430868,61993614;8806,63513328325;166;2339026,70481928;8624,13253012048;"GRADIGNAN";24841;12208,2769105712;11405,9138688493;129,280554121526;673,082487600365;23248,0311570395
"33199";78;2174550;7130;84,000046822812;2146898,6572097;7006,53205600647;90;2173302,77777778;7200,83333333333;"GUJAN-MESTRAS";20575;12007,8652338721;9362,10848660205;1966,17109478778;679,585652482258;20307,0038577637
"33243";135;2465286;8534;132,000177926685;2492470,28169516;9993,46132980892;125;2592217,032;9164,368;"LIBOURNE";24595;13571,4284190691;11905,1338735666;273,10445331591;1393,19009218661;23845,0045094306
"33281";242;2284852;8496;271,000257525466;2333722,24232892;9168,35035155036;279;2367356,67383513;9228,39426523298;"MERIGNAC";69301;35913,3708280089;33466,8907280033;795,573402254745;1650,90669775085;68168,0043730176
"33318";224;2317033;8574;235,000210702654;2308687,41750624;8205,6445006551;250;2311019,144;8414,012;"PESSAC";61514;29490,1317046447;28225,7844536829;181,913898616585;1082,43335234521;59658,825686985
"33449";95;2178018;7347;101,000107692468;2188422,05953147;7044,12628017048;107;2211285,76635514;6839,01869158879;"SAINT-MEDARD-EN-JALLES";29779;13108,9442733787;12369,4698156611;91,1480976479786;648,326360069594;29485,0013245154
"33522";165;2315868;8984;184,000191973529;2484965,03242419;9372,02132372534;190;2465818,86315789;10771,1894736842;"TALENCE";41182;24862,4107341852;23049,8758840435;457,142494102439;1355,39235603931;40450,0028348232
"33529";263;2390831;8921;283,000337124246;2456807,72023866;9609,65702282476;312;2451056,93269231;8778,73397435897;"LATESTEDEBUCH";25990;16909,0605590671;12240,9062068277;3677,97919331267;990,175158926778;25588,9980161349
"33550";86;2819088;7996;89,0000749164992;2869741,78950967;7823,50763718584;92;2138463,32608696;7366,88043478261;"VILLENAVE-D'ORNON";31027;14151,5057196807;13455,2605670328;79,2664199697779;616,978732678119;30623,9998286891
"34003";165;2212168;8762;178;2172358,18539326;7387,90449438202;184,03751708045;2270042,67140515;8397,05639549221;"AGDE";26111;47573,1259705733;12807,5568803934;33296,6306949686;1468,93839521127;25700,1692925486
"34032";278;2605697;11396;286;2645211,33566434;10728,0874125874;288,101296117215;2620668,67709117;10756,6225869336;"BEZIERS";75701;44167,1182049978;35029,2532353592;1492,93876874933;7644,92620088925;73438,9923669338
"34108";NA;NA;NA;52;2152425,17307692;8887,44230769231;50,011255124135;2248046,36864505;8839,50626913424;"FRONTIGNAN";22896;13410,1020647577;10000,9240055492;3068,06994743713;341,108111771382;22546,9964382327
"34145";58;2278803;8267;57;2269234,0877193;7925,85964912281;60,0225102482701;2274644,20956291;8003,95603973478;"LUNEL";24873;11476,9406919098;10362,5621916843;215,0226439271;899,355856298384;24260,0035083651
"34172";1068;2438675;9662;1149;2490997,52132289;9483,79460400348;1208,35266055623;2502695,57018763;8844,05293315471;"MONTPELLIER";275318;160132,855568338;142933,117107907;4819,51623812206;12380,2222223086;267017,008388021
"34301";223;2481086;8632;232;2494030,92672414;8829,25862068966;240,073783591552;2542293,58527153;9182,6503531104;"SETE";44136;31245,0858811704;22575,3866706419;6449,41246301259;2220,28674751586;43489,9975424808
"35115";71;2311428;8043;73;2272301,20547945;8176,04109589041;73;2312581,64383562;8011,80821917808;"FOUGERES";20189;11905,2096083245;10375,8344435666;173,028520923826;1356,34664383412;19467,5105460708
"35238";1182;2633336;10769;1220;2658348,40983607;10735,7409836066;1253;2716476,0622506;11781,5546687949;"RENNES";213454;121334,978218244;111086,559374883;2607,61413106668;7640,80471229406;203047,002040595
"35288";422;2477362;9849;434;2505070,82949309;9444,49078341014;464;2658306,11637931;9926,17672413793;"SAINTMALO";45980;33924,9962334044;23728,5493525772;8157,6355109943;2038,81136983288;43793,0003471575
"36044";144;2533322;10970;141;2607357,9787234;11468,6737588652;139;2673397,13669065;11641,8920863309;"CHATEAUROUX";44479;26167,4956128122;22198,5958547675;429,109504938241;3539,79025310641;43142,000264236
"37122";83;2349681;9639;85;2388417,72941176;9307,07058823529;81,1354029390373;2438786,67552623;9104,25092285754;"JOUELESTOURS";37748;18316,845604734;17093,9250570414;105,500983184763;1117,4195645078;36801,0085533893
"37261";669;2368174;9154;686;2440972,8090379;9863,38629737609;691,401818662974;2487804,94923404;9876,12206263488;"TOURS";136125;82636,9428469981;73131,1915037093;1778,05238421666;7727,69895907216;131068,00395211
"38053";79;2502443;10201;86;2506466,69767442;10409,0697674419;86;2481411,08139535;9656,45348837209;"BOURGOINJALLIEU";27366;13882,5988767977;12491,2695262802;136,338420269056;1254,99093024843;26644,994292755
"38185";676;2474147;9368;694;2557600,66282421;9616,48270893372;711;2533315,81575246;9806,70042194093;"GRENOBLE";160779;96773,1261879792;83854,6836448243;2896,64038360207;10021,8021595528;157891,995655517
"38544";132;2251378;8261;143;2286093,42657343;8189,00699300699;150;2380179,38;8948,27333333333;"VIENNE";29096;15615,665384295;13509,1865188484;217,56153926135;1888,91732618521;28486,9925443128
"38563";79;2720398;11374;101;2651060,58415842;11183,495049505;107;2687110,42056075;11754,5046728972;"VOIRON";20162;11176,6505973243;9742,25837916417;237,330220435417;1197,06199772472;19824,4184690366
"39198";63;2269495;7344;61;2384459,63934426;7226,44262295082;67;2329316,41791045;6638,49253731343;"DOLE";23312;13109,6746814933;11529,9874906768;191,276634901107;1388,41055591544;22491,7641987153
"40088";106;2693066;11360;106;2641613,90566038;11152,141509434;98;2636108,80612245;9963,92857142857;"DAX";20485;15823,1268513814;11441,4423278749;2840,81166343796;1540,87286006851;19702,9913298623
"40192";95;2176430;7792;94;2243897,19148936;7702,40425531915;95;2304460,91578947;8414;"MONT-DE-MARSAN";31009;16207,5987066623;14672,9969080691;309,015898272138;1225,5859003211;28869,9856106443
"41018";158;2484104;10736;162;2535596,31481481;11234,7037037037;162,119328098673;2493586,73461975;10766,1351413269;"BLOIS";46351;26462,634607246;22771,672635641;662,446804542149;3028,51516706284;44984,8075365558
"42187";102;2519219;10302;108;2452447,86111111;9507,10185185185;109;2430262,93577982;8706,19266055046;"ROANNE";35200;22361,6746353598;18536,4231559829;535,485197529078;3289,76628184779;33900,9877617452
"42207";76;2462937;8863;76;2369009,53947368;8982,67105263158;73;2534399,67123288;9057,17808219178;"SAINTCHAMOND";35097;17491,0374397357;15402,3594575365;155,592798874255;1933,08518332494;34405,9983203275
"42218";475;2521369;10588;486;2496941,20164609;9841,11728395062;486;2485536,24897119;9624,21810699588;"SAINTETIENNE";170761;98394,470230988;83862,7016832344;2717,71155876947;11814,0569889841;166240,546272876
"44109";2067;2621203;9975;2083,57129766465;2669573,8019395;9708,70471651591;2191;2702279,19260612;9869,00730260155;"NANTES";298029;171979,647473413;155272,722718863;5524,89203273924;11182,0327218111;288978,439459763
"44114";179;2257713;8567;177,040730415115;2343633,63281487;8896,28436986398;182;2394979,1978022;9236,26373626374;"ORVAULT";25305;11707,5482412504;11148,4000117375;115,040157272346;444,108072240548;24824,9979229396
"44143";69;2146950;6818;77,018221501499;2093101,66635701;6779,3695475697;81;2105215,7654321;6363,59259259259;"REZE";39505;19249,1165240127;17958,841519711;267,962545496624;1022,31245880506;38502,8083122018
"44162";79;2586186;8893;87,0128622363522;2506799,99166637;8810,34552465324;80;2521281,5;6756,9875;"STHERBLAIN";44337;21456,4907417173;19855,1606996681;453,532626781301;1147,79741526788;43596,0003455215
"44184";174;2313495;7152;179,031083737851;2271747,44209163;6624,56665433773;189;2330638,61375661;7193,46031746032;"STNAZAIRE";69350;39527,4781149054;34258,8608805296;2031,27487476908;3237,34235960672;67986,0008713439
"44190";88;2283183;9300;90,018221501499;2252506,51922251;9200,97893319313;92;2391316,86956522;9900,84782608696;"STSEBASTIENSURLOIRE";25915;12500,1612295234;11831,6348860454;178,967045394021;489,559298083974;25290,9914966448
"44215";159;2488650;7871;167,037514856027;2533936,19265219;7776,98057991785;180;2566814,53888889;7331,81666666667;"VERTOU";23104;10064,0848383768;9531,58433854745;113,422942296219;419,07755753318;22659,9960480259
"45232";178;2278223;8729;187;2274223,36898396;8937,45989304813;197,327143980094;2389267,40326633;9549,9557736656;"OLIVET";21192;10918,8002941284;10053,9553580976;165,135727112933;699,709208917877;20474,6809150722
"45234";563;2320265;9230;568;2315320,3028169;8884,41725352113;579,910871473987;2359872,15067499;9020,2378191606;"ORLEANS";114977;64176,6803185634;56175,3011250983;1407,73709015055;6593,64210331451;111381,988460279
"45284";NA;NA;NA;69;2423803,71014493;11562,768115942;69,0641458784498;2562695,88185777;13076,8955326394;"SAINTJEANDEBRAYE";19804;9297,53133011082;8623,89035721308;106,021661630768;567,619311266973;19585,9992080153
"46042";72;2100049;7467;70;2115266,08571429;7963,04285714286;74;2240643,81081081;8460,47297297297;"CAHORS";19630;12525,6502251978;10087,6377489975;607,755268118636;1830,25720808165;18980,6056694672
"47001";105;2444398;10572;109;2519386,65137615;10498,7339449541;121;2478955,30578512;9401,5867768595;"AGEN";34126;21542,1159102749;17927,6182013886;441,462241489453;3173,03546739685;31886,2881435422
"47323";62;2304026;8261;70;2376358,78571429;9232,28571428571;65;2357058,87692308;9153,24615384615;"VILLENEUVESURLOT";23263;13132,857712975;11195,5684588635;257,726412003997;1679,56284210753;22572,0087819645
"49007";613;2374288;8661;625;2407379,632;8777,0576;664;2431893,17018072;8933,99548192771;"ANGERS";151056;86666,2513918855;78166,8413455554;1792,15851351242;6707,25153281766;144397,021178752
"49099";188;2385323;9018;185;2392281,20540541;8776,31891891892;191;2415073,63874346;8968,38219895288;"CHOLET";53853;27105,9654653764;24978,9461298413;302,664112876095;1824,35522265897;52550,8028161355
"49328";115;2399691;8575;117;2509971,79487179;8830,70085470086;120;2502977,78333333;8372,85833333333;"SAUMUR";27301;15836,784314519;13392,3058614112;616,346246757012;1828,13220635077;26220,6750681642
"50129";98;2496793;9348;106;2495888,29245283;9222,14150943396;108;2385828,93518519;8368,68518518518;"CHERBOURGOCTEVILLE";80959;42791,6184369326;38312,2405385608;1047,6343294566;3431,74356891521;78858,3644954602
"50502";52;2339274;8049;52;2312264,80769231;6331,55769230769;57;2331797,50877193;6722,78947368421;"SAINTLO";19426;11332,6882083876;10330,6210737812;114,874754314315;887,192380292083;18580,9846050897
"51108";123;2319208;8819;127;2311212,18110236;8618,89763779527;125,018117290587;2390481,92230379;9689,82026033312;"CHALONSENCHAMPAGNE";45002;23474,1354195519;21230,9096295719;301,64442950881;1941,58136047115;42193,509075572
"51230";100;2624923;11340;101;2591555,7029703;10146,2574257426;96,0219995671417;2737608,30571269;11279,7881771202;"EPERNAY";23176;12873,0957626077;11367,2078835192;293,964218113463;1211,92366097506;22562,8895717168
"51454";759;2547978;10251;784;2578057,80102041;10208,9081632653;794,146879462976;2582204,53429893;10073,2340753977;"REIMS";183042;100722,151964246;91217,581667916;1568,07419683726;7936,49609949318;177677,441920976
"52448";54;3474382;10078;54;3460378,37037037;10741,3333333333;55;3470639,96363636;26436,6727272727;"SAINT-DIZIER";25505;13552,5803475787;11697,2797937971;164,89202438595;1690,40852939563;24369,4788316699
"53130";209;2695621;10947;219;2801511,00913242;12506,0821917808;218;2924081,06880734;12578,9449541284;"LAVAL";50073;28157,1389851743;25295,6138657796;566,669237918842;2294,85588147581;48205,9897418285
"54395";631;2639155;11833;658,303847278948;2661337,61124686;11415,6372102806;673;2676284,27934621;11526,2912332838;"NANCY";104321;67711,3849549289;58072,6324311743;1635,90718387108;8002,8453398835;99662,1495439173
"54547";67;2317889;9143;68,03021685647;2344327,98084427;8088,09921085402;66;2337432,33333333;8735,95454545455;"VANDOEUVRELESNANCY";29721;16678,2633563819;14919,3918391969;222,722058899223;1536,14945828575;28564,9575529657
"56121";142;2429032;9276;145;2384773,79310345;8136,02068965517;155;2476452,50967742;8826,24516129032;"LORIENT";57662;35408,6626662175;31659,063864224;893,041283077456;2856,55751891604;56706,995093126
"56260";446;2387020;8783;458;2426263,44541485;9432,14410480349;462;2434946,46320346;8432,86363636364;"VANNES";53036;32747,2947484897;27866,3109829181;1753,52189823682;3127,46186733481;50945,1959663448
"57463";405;2656106;10692;412;2731863,51699029;11078,0800970874;400,673587308671;2764331,21729739;11230,2160170935;"METZ";117619;65849,9508800707;56435,9342138886;995,211029608854;8418,80563657327;111426,451488621
"57480";109;2507529;10403;111;2431736,42342342;10063,990990991;112,169861147404;2366093,08538678;8553,31972883621;"MONTIGNYLESMETZ";21551;11894,3620165419;10845,7097134793;88,3400115101837;960,312291552443;20985,0072007868
"57631";75;2628464;9745;71;2610883,64788732;9295,45070422535;70,1405747426792;2690951,89625871;9273,52541952185;"SARREGUEMINES";21457;11646,6252216295;10175,1871804811;97,4999054119838;1373,93813573643;20584,9892685409
"57672";215;2486648;10362;211;2595950,57819905;11266,8293838863;217,439296070872;2653580,57271989;11350,3819508316;"THIONVILLE";41083;21195,4995462625;19091,7034846108;170,629472070879;1933,16658958077;39498,0206725896
"58194";92;2565077;11534;95;2582997,94736842;11075,3473684211;96;2645953,35416667;11442,5833333333;"NEVERS";34485;22450,4802720929;18065,5336271838;523,088004672129;3861,858640237;33445,1052714241
"59009";363;2916474;13782;378;3158369,92328042;13877,8227513228;381,075202278793;3238985,35106519;12679,2862746429;"VILLENEUVED'ASCQ";62869;26150,6394224597;25204,8783034573;90,0584651262443;855,702653876178;59019,3384393528
"59017";51;2957904;15260;51;2995247,41176471;14882,2549019608;NA;NA;NA;"ARMENTIERES";25362;11813,3388191549;10630,0191843023;35,3021024265122;1148,01753242611;24672,7097640136
"59122";154;2509935;8978;159;2539302,06918239;8571,1572327044;160;2577083,41875;8479,6;"CAMBRAI";32897;17993,9826267153;15712,8164988965;197,3528770006;2083,8132508182;31969,0010260662
"59163";269;3753467;15822;272;3933578,62132353;16510,6323529412;285,080479631691;4394221,01435599;18392,4094798373;"CROIX";20927;10137,4195071387;9386,63088659621;70,7780033021918;680,010617240319;20675,0021609486
"59178";151;2437033;9503;149;2442882,91275168;9226,09395973154;151,026386764489;2445163,1873922;9114,70350349294;"DOUAI";40736;21020,415192797;18098,0524385855;167,572062302885;2754,79069190858;38070,1763935878
"59183";243;2228134;8240;245;2268454,95918367;8093,11428571429;245,042218823182;2392783,03733747;8918,83797610225;"DUNKERQUE";89160;45546,1896365809;41110,3121152758;1261,48293805982;3174,39458324526;87280,9913712517
"59279";53;2342671;8553;53;2328191,86792453;8873,56603773585;52,0079160293467;2395995,91320362;8788,35670386367;"HALLUIN";20748;8340,34969372898;7871,50773829389;39,4469858797788;429,394969555313;20391,0068167772
"59295";88;2362735;9768;94;2382984,54255319;9467,73404255319;97,0204497424789;2463506,4848593;10608,0861186965;"HAZEBROUCK";21708;9837,31782883407;9183,3466110561;51,6497241488881;602,321493629082;21210,4662325621
"59328";231;2872403;12424;242;2715184,33471074;10756,2024793388;255,037601139397;2792367,40429996;10363,3190960918;"LAMBERSART";28128;13310,8744213972;12472,6403689707;106,455727938214;731,778324488314;27989,0013994832
"59350";868;2619270;10860;892;2637448,00336323;10567,5829596413;945,175471983851;2638450,8079513;10462,9191739177;"LILLE";233897;133879,091426909;120655,05214579;2164,49527673537;11059,5440043838;225787,993855364
"59368";148;2795407;11359;165;2731495,35151515;10599,7878787879;164,034302793836;2738332,3256589;10623,4475052672;"LAMADELEINE";22248;12109,7106752314;11042,4196475889;242,404927005704;824,886100636836;22052,9962795786
"59378";787;3018909;13508;799;3123905,01877347;13497,5782227785;835,170194630954;3209823,55411235;14526,3677266767;"MARCQENBAROEUL";39291;18495,6753347318;17312,7588826387;159,576567705668;1023,33988438748;38856,9956046263
"59512";142;3019319;12934;145;3056288,10344828;14195,1793103448;140,032323786499;3025682,55822804;12150,680493134;"ROUBAIX";95600;40316,3607491695;35585,2727892018;83,6489907162309;4647,4389692515;93755,0072197501
"59599";130;2249159;8899;132;2244306,03030303;8489,68939393939;128,015172389581;2256018,6389669;7984,24935477756;"TOURCOING";95329;41086,5674272513;37705,7541950694;113,859034133204;3266,95419804873;93949,9975340012
"59606";177;2230266;8433;195;2205523,53333333;8253,85641025641;186;2322563,38709677;8482,15591397849;"VALENCIENNES";43787;24824,6505780472;21760,8932859572;292,191142690196;2771,56614939978;42342,0011846926
"59646";208;3352902;16474;213;2967861,42723005;13438,3286384977;227,052773528978;3018100,52247536;13371,0456326879;"WASQUEHAL";21343;9186,90412092079;8777,67393522273;31,2150629096131;378,015122788444;20871,8940348087
"60057";164;2645121;11138;165,005272167992;2738972,13079218;10785,3969725552;162,056185240415;2630474,39067841;11077,3002840212;"BEAUVAIS";54738;27719,5836871342;24551,5523580609;291,245262651773;2876,7860664215;52026,0943619259
"60159";297;2795927;10948;322,013312224181;2810282,12866619;12341,9543555894;330,148890887099;2830520,67242849;11092,4736582457;"COMPIEGNE";40732;21356,7657198463;19508,4021585091;273,813143255561;1574,55041808163;39224,0181096446
"61001";74;2338829;9137;78;2331616,16666667;8830,24358974359;83;2271506,31325301;8843,79518072289;"ALENCON";26028;14732,6390082914;13008,4877638238;197,787998278475;1526,3632461891;24583,9845692965
"62041";180;2457698;10806;187;2588670,62566845;10081,4385026738;183,079200271671;2603086,00631763;10134,4029899114;"ARRAS";40970;22765,0692954065;20159,1287279129;273,828428274517;2332,11213921904;39764,9958578938
"62119";104;2245518;8113;101;2334426,41584158;8219,62376237624;102,045257298098;2456456,327052;9534,55999295749;"BETHUNE";25413;14027,5256196758;12339,3441292472;96,0778045165537;1592,103685912;24501,479893732
"62160";81;2299370;8747;78;2350814,34615385;8971,42307692308;78,0307103094235;2373972,39248138;9029,32067378975;"BOULOGNESURMER";42476;22873,2828981073;19922,5901946178;325,697229606314;2624,99547388316;41442,0112676569
"62193";101;2392013;10119;100;2436692,04;9662,76;100,042024633948;2452147,05043151;9505,28415136762;"CALAIS";76402;36038,1231309166;32163,5922231703;518,909579197142;3355,62132854916;71011,9793655455
"62498";58;2418109;9620;63;2498868,17460317;9699,04761904762;62,0355593056483;2649561,40769271;11441,4896087561;"LENS";31398;16910,8845400322;14056,1207135609;118,374731970098;2736,38909450124;30929,3951535678
"63113";459;2522821;11447;487;2524349,91170431;10206,5605749487;485;2505934,81443299;11022,7422680412;"CLERMONT-FERRAND";141365;86791,43222001;76148,4858688336;2760,35186045879;7882,59449071766;136615,717625285
"64024";379;2382014;8541;403;2410707,8808933;9380,53101736973;434;2409640,80875576;8711,35714285714;"ANGLET";38633;24795,1334337078;19906,7289386323;3870,33800645049;1018,06648862503;37951,9954352639
"64102";233;2554558;11562;263;2486124,40684411;10693,4144486692;261;2585029,348659;11055,9003831418;"BAYONNE";48178;28526,6491281496;25268,2513392383;1223,68098926266;2034,71679964866;46560,2644628965
"64122";499;2494300;9785;545;2475343,47706422;9988,06788990826;583;2548222,25214408;10408,1732418525;"BIARRITZ";24713;25393,7142829381;13933,9618578478;10464,2952683837;995,45715670652;24233,9926336022
"64445";417;2657743;8517;445;2568859,38202247;8410,56629213483;440;2346840,39090909;8868,70227272727;"PAU";77489;51494,1267691727;42568,5375805399;996,204837238996;7929,38435139383;74429,990890266
"65440";94;2207553;7840;88;2221676,68181818;8769,76136363636;98;2247980,67346939;7587,21428571429;"TARBES";40900;28456,6928759357;22960,2933429303;598,752876602734;4897,64665640264;39346,9869540498
"66136";442;2472203;10059;488;2481145,00409836;9919,04508196721;487;2457855,16016427;9263,87885010267;"PERPIGNAN";120605;70500,3332978526;58145,0189559538;2010,13276132099;10345,1815805778;117316,204113338
"67180";142;2834591;12622;150;2939466,1;13338,0533333333;148;2944574,60810811;11752,2905405405;"HAGUENAU";34761;16631,4795759043;15047,6807339127;158,227686391206;1425,57115560037;33357,0019056353
"67218";102;2167168;7891;104;2251036,91346154;8366,06730769231;104;2231709,49038462;7762,81730769231;"ILLKIRCHGRAFFENSTADEN";26949;13954,0674072467;12827,8994983543;231,416883719633;894,751025172777;26108,1886295677
"67447";65;2401983;8414;69;2588457,10144928;10954,3043478261;68;2616167,97058824;10565,7794117647;"SCHILTIGHEIM";31610;16057,289403525;14671,5153013162;158,886561535951;1226,88754067289;30887,3437064178
"67482";1697;3092175;13167;1786;3200911,03023516;13174,0498320269;1834;3153763,51035987;13400,1095965104;"STRASBOURG";276170;145466,035292143;130293,987793949;4174,91619458154;10997,1313036124;265880,136095635
"68066";278;2566795;11328;288;2623235,92013889;10604,1805555556;299;2733277,86287625;11984,9197324415;"COLMAR";68784;34504,7020807682;31377,4829643708;582,755620952204;2544,46349544525;66378,9845109508
"68224";352;2844362;12124;353;2871664,70538244;11964,4107648725;358;2898488,23184358;13356,3519553073;"MULHOUSE";111167;57090,5166034724;47949,9420784325;407,404194256115;8733,1703307838;107483,617173868
"68297";62;2605264;11677;72;2633618,40277778;11571,2638888889;80;2660285,4875;10998,05;"SAINTLOUIS";20228;10603,567651842;9325,82210219736;429,261559530276;848,483990114354;19926,6341774534
"69029";156;2376541;9170;162,021030829739;2428631,9792301;9310,93909902085;165,007351792949;2441263,73841898;8938,53241102881;"BRON";39283;18015,4881593009;16566,7142080731;198,520243441544;1250,25370778621;37617,7742398293
"69034";525;2629752;9744;541,082921557257;2651375,75572786;9492,88429837971;564,025825529077;2663514,39470901;9266,65451169269;"CALUIREETCUIRE";42494;21495,4141681772;19637,4851269015;328,35141330072;1529,57762797499;41640,0037326601
"69123";4267;2692511;11113;4471,77573717696;2723545,14141731;10622,4981236827;4636,24543677998;2724196,17890679;10373,1112572794;"LYON";506615;290783,132054761;256005,592249124;9619,1842697277;25158,3555359093;491554,141063475
"69149";63;2107693;7157;63,0066096893465;2195560,45977419;7671,50961360414;67,0016965676036;2119502,66809768;6979,12105228686;"OULLINS";26333;13597,4633747041;12321,4863234406;213,608530117292;1062,36852114622;25851,7598845799
"69202";379;2756651;12089;392,064895131766;2820984,34057153;11591,3575190034;405,021489856312;2840619,11154023;11786,6850696125;"STEFOYLESLYON";21848;10095,5327023162;9401,25640729742;117,66107709807;576,615217920698;21303,9981076868
"69204";157;2329568;8667;179,025837876536;2336542,93799675;8353,8988533694;169,006974777926;2354725,83417976;8163,39019457731;"SAINT-GENIS-LAVAL";21054;9163,34877365504;8583,3764390519;87,1977537667139;492,774580836429;20495,0098485763
"69244";230;2616050;9766;243,042061659478;2553555,437249;9414,91596388126;264,014703585898;2555206,67874424;9186,57726143484;"TASSIN-LA-DEMI-LUNE";21743;10626,6927644422;9790,5212494457;226,724059929106;609,447455067379;21442,9940932183
"69264";101;2337667;8938;103,015022021242;2356899,48605102;9021,70583693615;102,004524180276;2353652,75979229;9016,69529696335;"VILLEFRANCHE-SUR-SAONE";36559;18618,0526067279;16641,2258038604;197,78574227649;1779,04106059096;35311,1461824746
"69266";248;2136758;6668;283,030044042484;2181988,71336921;6838,49962903772;275,009802390599;2183028,09943291;6751,40289769585;"VILLEURBANNE";148543;80237,0360833118;71342,7206400959;1928,37285530242;6965,94258791345;144995,998206018
"69275";NA;NA;NA;51,0054079276472;2251364,76931644;8457,32621910533;54,0015080600921;2128107,95634912;6763,91436863067;"DECINES-CHARPIEU";27207;11829,4592858754;11256,1400550514;64,1198467889553;509,199384035031;26961,0008897933
"69282";96;2556320;10418;93,0174255446408;2745162,86742748;10953,5471922345;95,0054667178338;2825269,87649861;12429,6806283004;"MEYZIEU";32225;12613,5095511088;11995,0479423795;64,2118155538877;554,24979317543;31497,8590701337
"69286";100;2538685;9658;101,018026425491;2558409,54899411;10514,3993207103;107,005278210322;2509215,76097591;9783,53194860805;"RILLIEUXLAPAPE";30529;12342,052167955;11851,2843186324;48,3412601607945;442,426589161815;30259,7664916335
"69290";68;2885056;10966;77,011416736144;2783117,67606161;9707,57844248848;83,0039586577417;2845309,39800614;11040,8449567894;"SAINT-PRIEST";44446;19107,8946657353;17830,1236956139;104,956417899621;1172,81455222182;44070,3355526302
"71076";136;2273792;8471;140;2416102,72857143;9485,61428571429;146;2413703,02054795;9628,30136986301;"CHALONSURSAONE";44985;27559,2544909503;23519,0097550769;529,092656222322;3511,15207965104;43722,9863441931
"71270";113;2815286;14084;114;2714862,04385965;13329,9385964912;125;2697255,032;12539,552;"MACON";33456;18419,4244853925;16084,4373451215;504,90692646779;1830,08021380319;32340,0052394687
"72181";496;2555393;9487;517;2552259,57446809;9620,85106382979;534;2620283,66104869;10373,5280898876;"LEMANS";143813;81020,1762341667;71629,9390274487;1825,84590370062;7564,39130301735;140409,991627435
"73008";207;2104177;7054;210;2118911;7123,36666666667;251;2138276,24701195;7082,99203187251;"AIXLESBAINS";30291;19743,4884382397;15124,1957522295;3109,35014544763;1509,94254056259;29641,1454243205
"73011";NA;NA;NA;69;2355344,72463768;8805,36231884058;NA;NA;NA;"ALBERTVILLE";18950;10615,3997170149;9013,04691573471;299,260854420057;1303,09194686016;18331,0068871801
"73065";322;2559715;10686;325;2603904,07076923;10809,0492307692;337;2665494,22255193;11234,1038575668;"CHAMBERY";59490;31248,5893334732;28046,1593319428;559,960067749371;2642,469933781;57761,9944959047
"74010";489;2281309;8330;513;2299792,21637427;8107,75243664717;530;2339880,07735849;8432,9320754717;"ANNECY";53285;31490,8391462687;27173,7297116846;1939,79471700734;2377,31471757671;51528,9948115033
"74011";405;2412404;9351;422;2447130,46919431;9639,13033175355;443;2514685,18284424;9897,62979683973;"ANNECY-LE-VIEUX";20469;11422,3550109937;10231,520193912;636,15936001747;554,675457064194;20006,0065609956
"74012";107;2183547;7153;110;2132722,96363636;7185,52727272727;112;2120584,99107143;6895,33928571429;"ANNEMASSE";34953;18069,2806953326;16349,8052119806;381,289128239644;1338,18635511234;34815,0018510091
"74268";NA;NA;NA;NA;NA;NA;85;1923478,35294118;5310,07058823529;"SEYNOD";20955;9221,41390671631;8555,32074800817;387,351331716477;278,74182699166;20519,0043874794
"74281";204;2453455;10095;217;2529287,91705069;12006,5668202765;229;2534939,95196507;10836,3056768559;"THONON-LES-BAINS";34973;19413,8796223385;16674,1480419464;1397,37296527792;1342,35861511417;34025,0068439598
"75101";734;3536821;16940;782,703397381288;3550904,45363643;17554,4045668846;791,120652124062;3566141,41536382;17688,1905383866;"PARIS";NA;NA;NA;NA;NA;NA
"75102";483;2608696;9435;508,732460873954;2609720,19839467;9478,35697474959;536,515283774086;2694318,58298049;10295,8399239647;"PARIS";NA;NA;NA;NA;NA;NA
"75103";1110;3067424;13793;1159,21441659567;3122041,24170478;13673,7112592332;1183,43414644816;3185016,90978347;14276,7063935165;"PARIS";NA;NA;NA;NA;NA;NA
"75104";1215;3471076;15762;1258,63458794972;3598910,71415983;16432,6568876147;1291,80169151778;3672134,08619043;17649,0889334347;"PARIS";NA;NA;NA;NA;NA;NA
"75105";2582;2837795;12617;2637,04245510211;2914535,00141994;12783,0851806737;2717,91821839044;2917482,66478742;12766,1172373489;"PARIS";NA;NA;NA;NA;NA;NA
"75106";3925;4048989;20982;3923,01357221709;4202229,55095933;21484,0722830548;3967,79016396883;4518113,61605095;22349,1549095482;"PARIS";NA;NA;NA;NA;NA;NA
"75107";5675;5093870;27874;5756,76955186952;5296113,28067768;27177,7965360968;5777,64725408774;5443403,14342437;28041,1590212952;"PARIS";NA;NA;NA;NA;NA;NA
"75108";3025;4134444;22027;3128,96454344229;4147053,14928623;21691,1277167203;3141,31328636441;4163900,44764883;21069,4397182705;"PARIS";NA;NA;NA;NA;NA;NA
"75109";1761;2676108;11298;1828,96391144344;2769556,32941691;11362,7411413895;1907,02870464902;2800253,47847149;11345,5419974922;"PARIS";NA;NA;NA;NA;NA;NA
"75110";973;2413039;9144;1036,24348008834;2374462,49732878;9263,90967831471;1093,84679501336;2441074,02355324;9596,01562325611;"PARIS";NA;NA;NA;NA;NA;NA
"75111";2076;2475009;10236;2152,83469920108;2610053,3370423;10117,5724101539;2226,5844447945;2617885,64043128;10742,811852768;"PARIS";NA;NA;NA;NA;NA;NA
"75112";2292;2400524;9518;2396,86131222421;2409164,02282024;9333,43132374781;2438,54659116459;2451684,30969599;9376,6170452892;"PARIS";NA;NA;NA;NA;NA;NA
"75113";2016;2470009;9930;2089,54884225574;2484722,86586749;9972,56950224192;2178,07479122535;2538538,850992;9997,02333580472;"PARIS";NA;NA;NA;NA;NA;NA
"75114";3318;2859164;12075;3390,17707678748;2930329,39237506;12190,5760450418;3488,24633469407;3061294,47324931;12954,0025270845;"PARIS";NA;NA;NA;NA;NA;NA
"75115";6602;2631645;11349;6767,50670732886;2657653,85986765;11064,4975304885;6892,16393747079;2705908,11041864;11361,8223727007;"PARIS";NA;NA;NA;NA;NA;NA
"75116";14275;4093874;20727;14368,6667032947;4194198,2276987;21473,0411998056;14345,8227191731;4341594,47445868;21953,2110774313;"PARIS";NA;NA;NA;NA;NA;NA
"75117";6076;3068509;14193;6189,29564434212;3102862,69219378;13654,5764378889;6357,9707944897;3114660,96758789;13977,9984763159;"PARIS";NA;NA;NA;NA;NA;NA
"75118";1415;2874464;12563;1512,77993168671;2814132,41595685;12413,6780250666;1602,44992363342;2822834,12340428;11636,5522023132;"PARIS";NA;NA;NA;NA;NA;NA
"75119";1029;2430451;9082;1083,27984898106;2420869,56466305;9616,72857403232;1106,75436876735;2580581,8529062;9703,68242201115;"PARIS";NA;NA;NA;NA;NA;NA
"75120";1103;2278988;8828;1150,05807378835;2289595,51074945;8380,2736112368;1153,67866150754;2484073,15725647;8836,85278255548;"PARIS";NA;NA;NA;NA;NA;NA
"76217";95;2171153;7934;102;2194264,68627451;7794,38235294118;105;2207691,16190476;8045,94285714286;"DIEPPE";30086;19002,159962013;14885,1528022874;1694,4513672689;2422,55579245674;29264,1870017907
"76351";371;2440129;9924;375;2472683,45066667;10020,6453333333;377;2482156,88328912;9593,84084880637;"LEHAVRE";172807;91070,4803382309;81250,0774945149;1251,53665919634;8568,86618451969;169049,030187541
"76451";NA;NA;NA;330;2838345,89090909;10335,0727272727;NA;NA;NA;"MONT SAINT AIGNAN";19326;10201,5452962989;9316,50707788332;302,743186252695;582,295032162916;18076,9939274073
"76540";530;2366472;9555;537;2385454,27746741;9194,63687150838;542;2443615,90774908;9803,30442804428;"ROUEN";110618;70366,9377559514;61084,8360939835;1179,21577738158;8102,88588458632;107811,002860266
"77058";68;2351318;8497;71;2451900,95774648;8405,38028169014;78;2441965,94871795;8486,82051282051;"BUSSYSTGEORGES";25910;10759,0237252165;10121,9828740146;98,8996857465648;538,141165455314;25813,3331067529
"77108";123;2178735;8405;125;2228243,56;8598,808;132;2276834,47727273;8674,08333333333;"CHELLES";53708;22598,1105170777;21096,6891858265;244,433049580399;1256,98828167082;53463,9987217753
"77243";93;3034771;12000;95;3119244,72631579;12049,9052631579;92;3175596,30434783;11011,5434782609;"LAGNYSURMARNE";21302;9879,88559940977;9042,28627164035;172,386524203147;665,212803566268;21050,0031881963
"77284";134;2391696;10131;134;2428061,30597015;10060,0597014925;130;2456866,53076923;9970,10769230769;"MEAUX";53526;23374,8123541855;21319,4616329903;125,628841349065;1929,72187984611;52162,7000528001
"77288";115;2566084;11597;116;2605513,82758621;10909,0344827586;113;2657419,40707965;11847,9469026549;"MELUN";40011;19019,6352403087;17432,3413366266;142,88949579023;1444,4044078919;38840,6459448893
"77350";78;2668642;12345;81;2641696,14814815;12325,8641975309;90;2633921,35555556;11714,9666666667;"OZOIRLAFERRIERE";20196;8086,33883494668;7623,47299106029;114,857941034718;348,007902851672;20017,0037840935
"77373";65;2146863;7836;65;2126701,04615385;7971,64615384615;70;2179221,72857143;8346,95714285714;"PONTAULTCOMBAULT";38135;14976,0906908065;14278,5172062376;84,6903092873586;612,88317528159;37791,3311505013
"78126";514;2720511;11614;523,018506376717;2811430,95357046;11545,1401841258;516,476492714021;2871095,36920045;10998,8692040317;"LACELLE-SAINT-CLOUD";21275;9118,09803680453;8577,43021509007;86,1246543193629;454,543167395092;21188,9990170411
"78146";638;2562482;9896;663,006381300804;2586083,0687649;10162,0542220454;679,487638742419;2577209,0402882;10222,6164195193;"CHATOU";30876;13791,2042547053;12904,982505649;222,090357542072;664,131391514245;30631,9961380082
"78158";707;2487835;10429;716,091256832197;2550252,34199437;10597,6316625555;708,431908600428;2540678,44927621;10359,5160362726;"LECHESNAY";28590;14396,4075739541;13231,5454169726;365,188094093455;799,674062888093;28415,6678844253
"78172";106;2324465;8057;105,097000607306;2269020,18278665;7198,05409224078;114,052943634891;2300549,9701858;6951,82083839398;"CONFLANS-SAINTE-HONORINE";34876;14756,4319740537;13757,967315621;116,052974363594;882,411684069103;33955,6169539131
"78208";67;1961186;6752;73,0485003036532;1922934,90873113;5810,58851669321;73,0222920567963;1956300,97603214;6446,88920356751;"ELANCOURT";25958;11045,0659099317;10286,0881472544;64,9088697523798;694,068892924869;25557,3307659743
"78297";63;1981679;5980;67,0424377656965;1905644,85877728;5047,02125361716;66,0195055496968;1966211,63396939;5075,79332405558;"GUYANCOURT";27328;11523,6060301692;10824,9284872638;254,887215479989;443,790327425432;26930,2728868413
"78311";135;1951628;6396;148,14550091096;1995210,57569564;6577,86683154936;146,06130315619;2029274,11059844;6968,69343774749;"HOUILLES";32481;14190,8285398072;13263,4009830719;96,9721332019381;830,455423533386;32388,3345312492
"78358";599;2487336;9711;613,99425622489;2469095,11414167;9510,73609186347;639,48206572822;2521720,10853569;9656,84086615355;"MAISONS-LAFFITTE";23705;11458,1133544658;10445,514362168;235,926621889426;776,672370408421;23440,9971350474
"78361";90;2616238;12390;84,1636885248296;2617945,28548494;12256,4334458828;84,072449184588;2708167,5989093;12514,7427688064;"MANTES-LA-JOLIE";44985;17620,057323368;16644,2569387505;140,008287505731;835,792097111765;43819,9959876879
"78423";113;1956772;5850;121,09093806935;1964861,40868286;6173,08607862325;130,050157127792;2047747,76451771;6667,35358216724;"MONTIGNY-LE-BRETONNEUX";33252;14200,3858214967;13513,2341029223;181,815239075176;505,336479499195;33026,0019095446
"78490";107;2366388;8459;116,169751062786;2346232,48823825;8107,78031574435;119,064089663289;2264471,49754632;7198,11694010414;"PLAISIR";31753;12530,6425291078;11962,6035149653;75,9925447706667;492,046469371853;30870,9894912365
"78498";146;2132784;8048;145,151563448916;2217988,72792575;8505,09520304988;148,069662677488;2300495,87728212;8833,28430919943;"POISSY";36994;17243,8062314914;15932,5436809727;321,360336604323;989,902213914358;36180,0098995899
"78517";222;2463898;8791;232,327377049659;2427772,83823008;8953,76773475586;240,153257890475;2499795,26350624;8572,73393490769;"RAMBOUILLET";25755;12365,3172525207;11386,269962133;240,975114055682;738,072176332053;25065,0110741918
"78551";1188;2602348;10762;1222,06126290526;2644864,70915109;10382,278050604;1246,97806399194;2669465,08006641;10595,0091839938;"SAINT-GERMAIN-EN-LAYE";39540;19295,4106103021;17174,4031483697;613,32770990813;1507,6797520243;38301,0064487399
"78586";148;2098624;6886;157,169751062786;2117361,60592772;6924,30315097014;165,083595212986;2116474,09490655;7186,25437104807;"SARTROUVILLE";51747;21620,6175315548;20356,560378229;175,72311592105;1088,3340374047;50669,6604464904
"78640";119;1984793;6391;124,103063145263;1966286,00484685;5934,0423821079;123,041797606493;2025187,3171844;6184,65466848084;"VELIZY-VILLACOUBLAY";20654;10052,0046145966;9369,57082764511;115,071011946246;567,362775005211;20117,9997360151
"78646";2587;2649421;11038;2669,27408925943;2683293,5579063;10975,9623632809;2610,76664550111;2730469,45957085;11020,9299139505;"VERSAILLES";85461;41254,2997186999;36468,4495418816;1401,91798156177;3383,93219525653;82238,0177003161
"79191";212;2913347;14175;215;2891679,13488372;12812;219;2927992,79452055;12868,1872146119;"NIORT";58311;33562,0311985786;29841,2384830989;809,247285013804;2911,54543046591;56431,5723334688
"80001";72;2381675;8023;68;2443981,5;9556,91176470588;71;2462745,8028169;8005,25352112676;"ABBEVILLE";23559;12217,9542376096;10860,6656648989;162,145729463221;1195,14284324746;22884,33617609
"80021";482;2543427;9946;505;2586486,02970297;9717,67524752475;504;2606488,58134921;10155,0158730159;"AMIENS";132479;71364,6730086919;63670,3857728866;966,979861755355;6727,3073740499;128608,519557577
"81004";193;2287402;8459;199;2294897,21105528;8356,28140703518;207,845111165104;2360511,1403317;8287,39049949054;"ALBI";49531;28569,0561790683;25271,535462784;694,176683917191;2603,34403236712;47361,5370025575
"81065";140;2251951;7233;142;2276287,4084507;7373,33802816901;142,496043509952;2285178,92250501;7626,85656110591;"CASTRES";41382;22562,0796292571;19423,1917809905;321,895221099692;2816,99262716688;40007,6178855965
"82121";229;2527056;9889;235;2572023,36170213;10047,5106382979;245,473919668388;2608025,50755449;10376,7990270173;"MONTAUBAN";58826;30603,9900461195;27058,1545464321;310,104274297769;3235,73122538964;57042,0006562796
"83050";208;2139031;8058;201;2192572,71641791;7977,08955223881;206;2208791,39320388;8064,96116504854;"DRAGUIGNAN";40054;20510,5098982394;17666,5097009985;511,126244879932;2332,87395236096;38756,0195783039
"83061";349;2327787;8672;381;2280267,4671916;9265,43832020997;395;2386296,52658228;9931,26329113924;"FREJUS";53511;41502,9007707785;24352,1509219629;15646,4841673366;1504,26568147901;52100,0057494659
"83062";102;2407602;9698;94;2358219,43617021;8744,1170212766;104;2283781,5;8227,91346153846;"LAGARDE";25145;12708,6554687635;11720,5887234935;393,887662219225;594,179083050734;23969,2215115686
"83069";509;2325291;8373;538;2327549,53345725;7943,73605947955;558;2396328,59139785;8865,53046594982;"HYERES";56502;38049,9017332367;26498,5580541485;8691,93530173433;2859,40837735386;53649,7244945788
"83118";742;2418699;9464;769;2439979,62938882;9404,23927178153;805;2473368,01863354;9886,18881987578;"SAINT-RAPHAEL";34567;34751,241849899;17930,9496057229;15478,3126637919;1341,97958038421;34053,0073999004
"83126";163;1995379;6900;169;2022824,24260355;6894,79881656805;173;2099594,06358382;6771,75722543353;"LASEYNESURMER";64675;35576,926968825;29253,8225832854;3116,96411906673;3206,14026647291;63669,0025114386
"83129";241;2138676;7212;245;2139581,96734694;7398,37959183674;255;2137655,48627451;7348,60392156863;"SIX-FOURS-LES-PLAGES";33652;24993,2174645758;16276,2307449613;7507,23250188064;1209,75421773386;33323,9956175766
"83137";648;2318260;8932;675;2396359,48296296;9358,67111111111;697;2416228,33859397;8757,41463414634;"TOULON";165584;90999,3355492173;80333,7283712055;2927,93749476685;7737,66968324492;161386,008593688
"83144";89;1986495;6569;99;2021229,17171717;7043,07070707071;107;2070076,94392523;7540,5046728972;"LAVALETTE";22271;11355,4933509759;10617,7676524983;98,6487688387401;639,076929638857;22002,0001684522
"84007";349;2485381;10394;347;2534420,15273775;9951,86167146974;349;2636182,75644699;11012,7621776504;"AVIGNON";92209;52020,7107366687;43487,3812947413;1111,1262429405;7422,20319898691;90330,9908993053
"84031";126;2560487;10693;134;2677131,44029851;10290,7910447761;136;2692418,41176471;9990,29411764706;"CARPENTRAS";28447;14752,9763343488;12513,8013042252;380,045939251839;1859,12909087178;27751,0013162477
"84035";93;2245197;7511;93;2306787,11827957;7784,98924731183;96;2315710,44791667;8222,8125;"CAVAILLON";26201;13443,2929181637;11772,7776628118;270,651675441571;1399,86357991036;25669,0093576556
"84087";91;2223453;7969;96;2210655,375;8009,76041666667;96;2231101,15625;8873,125;"ORANGE";29482;14169,3895980759;12694,8929644167;138,000625428426;1336,4960082308;28370,0096704929
"85047";NA;NA;NA;NA;NA;NA;139;2436331,32374101;9448,98561151079;"CHALLANS";19668;10151,663383387;9097,08505928422;276,967164799482;777,611159303278;19283,9931032471
"85191";171;2533999;11211;171;2522724,54385965;10251,3976608187;171;2556033,20467836;10610,0643274854;"LAROCHESURYON";53162;28847,0307718801;26613,0074623812;568,574079666077;1665,44922983282;51212,6265063569
"86066";78;2305947;8858;80;2387976,35;9177,925;89;2378549,43820225;8592,68539325843;"CHATELLERAULT";31722;18322,2157129522;15620,9904868734;356,416701608642;2344,80852447018;31052,9893089324
"86194";297;2562913;11132;306;2553645,03267974;9803,39215686274;313;2567202,94888179;9531,62300319489;"POITIERS";87435;54590,3459392821;47973,6926227276;1680,16730332376;4936,48601323078;83202,0468338227
"87085";482;3012941;13043;490;3049419,10816327;12830,7653061224;501,968065481182;3128046,93257587;12322,1739846804;"LIMOGES";134577;81921,0519260155;72767,9200019318;1859,31840263041;7293,8135214533;131572,587820452
"88160";108;2922839;14186;111;3021094,68468468;14913,3783783784;121;2879406,99173554;11827,3388429752;"EPINAL";32006;18586,4259195648;15643,6187232462;297,4844243616;2645,32277195705;30539,006946953
"88413";52;2524964;10097;NA;NA;NA;NA;NA;NA;"SAINT DIE DES VOSGES";20315;11774,8797755291;9775,7219420293;219,379815606818;1779,77801789296;19577,6174611329
"89024";123;2365008;10673;125;2386785,144;10292,304;137;2371278,05839416;9717,43065693431;"AUXERRE";34843;19966,20767029;17004,2646299397;469,8448347272;2492,09820562312;32926,976599921
"89387";105;2549067;10186;106;2647291,8490566;9016,42452830189;107;2677229,1682243;11900,785046729;"SENS";25507;14339,4560306167;12480,9069989923;311,188386036355;1547,36064558803;24604,0256815705
"90010";104;2599060;12651;106;2792757,67924528;12386,0943396226;105;2829396,81904762;12886,3238095238;"BELFORT";49764;27420,0105653287;24866,1548322789;190,490364095046;2363,36536895476;48256,1596768504
"91027";59;2497899;12057;65,0110428620256;2522030,35698097;12293,6679165076;72,0610061176497;2481539,59424606;11391,88023936;"ATHISMONS";31434;13574,1156398094;12712,591167212;72,1587487753769;789,365723822035;30759,428719953
"91103";52;2200683;7635;51,0082821465192;2344526,17675969;8623,59488513843;51,0440599738581;2286167,83394656;8494,19074480465;"BRETIGNYSURORGE";25742;11138,6492401107;10367,8208741324;73,8488767396426;696,979489238651;25089,4879618805
"91114";159;2416483;9770;168,026226797311;2384061,91955164;9134,72519644295;169,135569150333;2303644,74971834;8925,75279049242;"BRUNOY";26104;11187,9019860731;10428,8518558679;99,9015299978954;659,148600207337;25649,0042762059
"91174";61;2598081;10685;62,0089723253958;2668806,74168934;11294,8656900923;55,0406707450998;2752887,5508705;11076,2759226717;"CORBEILESSONNES";49373;21469,9268537785;19625,5702317312;129,708919908024;1714,64770213929;48203,0043606764
"91201";134;2530803;9197;132,022085724051;2482523,51296389;11353,6143022857;123,111844549024;2543196,49760897;9451,18946304079;"DRAVEIL";29132;12030,6734304835;11213,30290908;104,229571803927;713,140949599564;28144,9847343342
"91223";66;2440512;9794;64,017254471915;2470682,78023385;10590,8089618796;66,0813414901996;2541816,54623151;11279,3476796939;"ETAMPES";24503;10978,1875059408;9964,01005509734;102,77648557083;911,400965272678;23527,3452761797
"91272";355;2267688;8396;361,053833952375;2266502,37201202;7387,89858933363;379,257581385632;2236314,4121792;7377,75743828579;"GIFSURYVETTE";21129;8952,00557806443;8284,83364182159;189,293492884346;477,87844335849;20216,8883997611
"91345";57;2300579;9812;54,0075919676426;2333670,57970308;10392,6021862945;51,0372815163415;2910317,57960561;18978,9619987172;"LONGJUMEAU";21725;9427,41330208881;8768,47187895465;68,6538335005793;590,287589633582;21502,0022048817
"91377";83;2068179;7510;93,0117330409022;2058246,2922387;7300,89369575404;98,0745630326829;2155210,60960428;7234,11146836696;"MASSY";48372;21669,2099624728;20460,6434920891;322,175322484983;886,391147898717;47275,9887529817
"91421";148;2327800;8161;156,026226797311;2379212,24886262;7947,65565150586;158,138958379091;2387543,54164643;7516,59009439518;"MONTGERON";23617;10040,9532660984;9253,85524122005;79,979654076943;707,118370801373;22776,6709105041
"91434";74;2413824;9762;78,0151839352852;2412153,3341964;9870,64983470011;80,0711738039246;2371905,87052741;9429,43824463365;"MORSANGSURORGE";21428;8944,50957094758;8453,95976658274;76,5094443508741;414,040360013971;21270,999822256
"91477";225;3629705;12683;227,023466081804;3653336,34542194;11615,8465250663;245,135569150333;3512127,42954975;11321,0596749232;"PALAISEAU";32461;14576,5600554131;13343,4200889211;121,380571062977;1111,75939542902;30891,9929382897
"91521";NA;NA;NA;NA;NA;NA;51,0237246013082;1922290,47763453;5616,57819614347;"RISORANGIS";27304;11301,3980582069;10617,7307004444;64,2561037870617;619,41125397548;26938,0035139654
"91549";136;2290492;8363;146,021395545175;2231196,32882251;7200,92516270809;155,118623006541;2311636,45823846;7551,59615962907;"STEGENEVIEVEDESBOIS";35877;14588,6264702297;14385,1400133028;100,142171074497;103,344285852411;35314,6617227418
"91589";123;2084333;7320;129,014493756409;2081203,54318774;6318,14751117035;131,077952261441;2122461,87523678;7183,47552295784;"SAVIGNYSURORGE";37045;16537,9439522858;15203,0716026244;193,019144544924;1141,85320511647;36703,0012608141
"91687";54;1957414;6559;65,0055214310128;1976558,65786786;6034,07781171824;68,0338922875832;1936016,49845106;5886,16240914054;"VIRYCHATILLON";31350;13951,1253251612;12733,617861628;125,40811327603;1092,09935025714;31071,9972638776
"91691";119;2277101;8512;130,015874114162;2162764,7802463;7269,28990520813;126,074563032683;2221831,15733695;8390,17216572029;"YERRES";28934;12494,1714947742;11825,6926665739;76,000061832846;592,478766367456;28696,3298866699
"92002";783;2244597;7960;828,440507236255;2242501,20091472;7726,22392724789;850,731728326599;2261944,55553264;7948,4401066019;"ANTONY";61603;28136,1978528042;26002,3105991982;381,373084084711;1752,51416952129;60438,9645066742
"92004";749;2376631;8832;790,856990481602;2400203,67211943;8671,36180216957;794,269691164711;2429212,84161448;8945,26072920642;"ASNIERES";86799;42785,9054936747;38218,4773818341;928,373120045146;3639,0549917955;85766,8972890169
"92007";60;2072313;7178;68,0492875229376;2101210,86823193;6909,85765947356;70,0598268443131;2065816,88495374;6529,30110532816;"BAGNEUX";38817;17065,4813546821;16003,3773374451;136,758422717799;925,345594519164;38135,000794588
"92009";305;2253920;8268;343,290424552099;2192812,07439325;7477,18431866111;346,486110331632;2297672,27987617;7595,37098326298;"BOIS-COLOMBES";28514;13647,3002854881;12416,4219775021;394,102804214722;836,775503771272;28256,0041497877
"92012";3579;2836027;12140;3715,607230585;2851988,74116804;12124,6068269854;3818,64213162521;2872526,87974635;12285,8331530635;"BOULOGNEBILLANCOURT";116927;64690,291230297;57206,1612573076;3051,59498011917;4432,53499287019;115056,006828053
"92014";455;2531694;11081;453,348093130747;2568295,55683957;10330,3569986255;476,570656053448;2649596,65680704;10178,3902391897;"BOURGLAREINE";19881;9719,58370260771;8947,12236431624;140,414232201068;632,047106090403;19623,9975956771
"92019";279;2390957;9635;295,212552442668;2442846,11672832;9486,59802342232;313,358961065879;2510442,39825528;10008,9935318941;"CHATENAYMALABRY";33067;14788,3032430257;13704,7978290917;169,11081569851;914,394598235446;31166,0272918757
"92020";236;2191720;7751;250,141701628446;2309291,6191386;8003,88594131941;255,239307377253;2342673,62004216;8809,50199342805;"CHATILLON";37089;17521,0836528444;16493,6378378679;296,43733701434;731,008477962115;36675,6645703017
"92023";619;2483157;10488;658,46207052754;2484708,81951332;9703,11785068211;694,736330391546;2485311,42000425;9620,46039738132;"CLAMART";52457;23678,6928761577;21839,4102043759;473,564290156292;1365,71838162549;51390,9905854692
"92024";108;2207329;8724;116,123787514009;2340911,264401;8200,55323139909;121,19589520827;2268436,7701503;8618,17061626963;"CLICHY";59783;30388,3712317059;27299,5614808353;750,784855293159;2338,0248955774;58567,0057356785
"92025";424;2379540;9068;442,418973124339;2275052,80068187;8001,47088462718;446,725537808406;2392687,50804713;8810,43240094613;"COLOMBES";84392;36917,0815701164;34030,4225777724;487,106518117435;2399,55247422656;82918,9964692454
"92026";990;2244298;8363;1054,96649482092;2305868,95377353;8168,9013907693;1085,51637401957;2276127,48817193;8298,52697604062;"COURBEVOIE";84658;47118,4822202575;39233,4542476404;3583,32041226121;4301,70756035591;83794,4003913644
"92032";269;2071185;6867;268,157103979364;2111888,67202163;6936,43909269871;284,230103247358;2085775,49713646;6901,67858303558;"FONTENAYAUXROSES";22946;11053,8027191525;10125,1425248831;153,875221501363;774,784972768068;22505,0085923885
"92035";310;2315217;8872;305,299946668561;2326103,96880959;9038,93370178084;335,616707137145;2369370,30319084;8709,2915390146;"LAGARENNECOLOMBES";29072;14634,9436379137;13148,012044942;426,335265194365;1060,59632777738;28906,6673754044
"92040";796;2251303;7882;853,517518990845;2311417,80815572;8364,93704877575;879,819167560595;2345888,92964769;8178,73730017672;"ISSYLESMOULINEAUX";67360;34105,4867005854;30924,7948501479;1321,67166803386;1859,02018240362;66092,4915630645
"92044";1230;2884883;10650;1314,81396318605;2925743,14360153;10378,0462312611;1352,87312972129;3077782,31566283;11545,8100096705;"LEVALLOIS-PERRET";65374;34732,5294872969;31277,0945118688;1050,63009631293;2404,8048791152;65027,9996737992
"92046";154;2204564;7587;151,095494575692;2326631,73052904;8323,06333426182;152,156470208204;2386671,29106646;8389,14477799299;"MALAKOFF";30428;15535,0631811819;14359,5011898497;402,488968939708;773,073022392526;30225,3324416049
"92048";949;2593127;10388;967,797841777551;2589588,67201059;10033,5947465847;1002,20574101616;2587319,90891358;9911,28422270496;"MEUDON";45507;21119,0942432691;19472,0701580602;357,039350240215;1289,9847349687;44828,5086987269
"92049";396;2546633;11744;405,252598555055;2569192,81537161;11710,7263091541;433,400379650403;2535795,10669459;10308,7826788294;"MONTROUGE";48954;26500,8734444419;24411,8462705024;679,343523267639;1409,68365067182;48266,0035667017
"92050";238;2141268;7753;251,199964445707;2174985,76407728;7561,47663081033;254,341002769951;2202308,85181477;7407,45203014567;"NANTERRE";93509;38326,014009585;35991,3823070525;468,61721744742;1866,01448508512;88981,9982378722
"92051";5783;4980124;22625;5859,38351245917;5273023,07650395;21562,7252922923;5887,29205032555;5443797,59548499;22562,0194474567;"NEUILLYSURSEINE";62075;35085,9437148369;29587,1333513302;2649,5131449444;2849,29721856231;61139,0017805987
"92060";185;2112168;7828;191,11089692661;2136295,13873888;7624,52340717463;188,202490857675;2230372,83848659;8319,02227122514;"LEPLESSISROBINSON";28911;13478,8008636434;12627,0558884122;294,917622811026;556,827352420179;28747,002586339
"92062";322;2281149;8241;358,376123600259;2324767,25043697;8466,63432041116;357,631217893313;2449516,56806001;9414,62170494048;"PUTEAUX";44506;23368,4037552525;20866,0818528655;805,952941776605;1696,36896061035;44295,0009732325
"92063";1472;2491369;9252;1558,81396318605;2552206,64468565;9407,96501494084;1620,95293888021;2603951,08109548;9527,26637397046;"RUEILMALMAISON";79204;36227,8657814358;33311,6483399613;766,675086264636;2149,54235520984;78286,0036987706
"92064";1332;3216011;15080;1358,39237252298;3233459,52211034;14681,8434567;1379,13075607054;3314162,07826011;14810,2455600328;"SAINTCLOUD";29360;14243,1417208065;12824,6164230983;424,210569759079;994,314727949102;28829,9941430718
"92071";752;2628978;11352;766,653059678923;2763640,56319933;13238,3938038496;778,012454288376;2777638,61844347;11508,0828521422;"SCEAUX";19520;9303,44138668447;8523,40217515449;241,866403718537;538,172807811443;18991,0036377763
"92072";618;2541572;9889;644,551404162864;2615548,77225953;10549,2360511314;648,851382015225;2672202,96395114;10018,9161353505;"SEVRES";23206;10474,1472032708;9753,60821901633;198,146565333956;522,392418920486;22699,9923632386
"92073";589;2509922;10181;591,714158734668;2538227,76717786;10033,722839804;620,16086049345;2568227,55154404;10016,8785833843;"SURESNES";48526;22669,643704482;21081,0716505362;402,704886531443;1185,86716741438;47835,9952964076
"92075";338;2356778;8993;363,286483727075;2368427,01409794;8655,3953163742;369,418787910192;2348602,55690886;7993,4584589878;"VANVES";27783;14641,6843245683;13128,9827029717;644,356191322144;868,345430274491;27357,1498654259
"93001";52;2298871;10114;NA;NA;NA;NA;NA;NA;"AUBERVILLIERS";80273;31932,0230717633;29945,2003656161;116,12450219022;1870,69820395696;77659,9979867704
"93005";158;2306671;9313;156;2290517,76282051;9134,55769230769;166;2267485,74698795;8545,18072289157;"AULNAYSOUSBOIS";82314;30137,5001824603;28515,1198371113;188,733790690086;1433,64655465894;80899,9999909522
"93006";60;2071780;6048;59;2155136,91525424;6846,35593220339;60;2157954,38333333;6586,65;"BAGNOLET";36010;15537,0973772929;14371,8398276925;203,29944521754;961,958104382817;35213,994606616
"93029";81;2218872;8664;89;2293228,05617978;9742,25842696629;91;2300621,81318681;8951,92307692308;"DRANCY";68955;28575,319754433;26564,4480925478;156,064940087418;1854,80672179776;68093,0058488181
"93031";54;2063337;7401;56;2039594,23214286;6798,53571428571;57;2065619,15789474;6668,66666666667;"EPINAYSURSEINE";55157;21226,5065277307;20123,9120004227;12,5090989207977;1090,0854283872;54781,9998783587
"93032";118;2219398;8117;120;2196124,525;7463,01666666667;123;2252709,7804878;7462,20325203252;"GAGNY";39195;16190,498395981;15262,3174829846;138,723461551046;789,457451445344;38789,3333759676
"93045";122;2604242;13054;125;2694981,856;14602,096;130;2736749,62307692;14754,8615384615;"LESLILAS";22762;11515,3655487302;10521,9148541858;257,38913763518;736,061556909242;22681,001035022
"93046";99;2107701;7764;103;2077159,51456311;7673,46601941748;105;2117843,44761905;7492,37142857143;"LIVRYGARGAN";43798;18890,4330194051;17842,0305956013;139,587927849254;908,814495954518;43190,3356145603
"93047";52;2254218;9105;NA;NA;NA;55;2249321,2;9449,96363636364;"MONTFERMEIL";25745;9204,3866089086;8756,43037287155;55,2331382725283;392,723097764518;25199,0070703165
"93048";230;2287457;8445;231;2316896,78354978;8980,34199134199;254;2335600,34251969;9367,93307086614;"MONTREUILSOUSBOIS";104748;48088,5540452829;44795,6593509461;610,519774787257;2682,37491954951;101412,662642633
"93049";71;1943513;6510;73;2005847,84931507;6443,94520547945;76;2128626,07894737;6979,68421052632;"NEUILLYPLAISANCE";21005;9318,84746402054;8577,34800256365;193,75502873669;547,744432720195;20683,0057262119
"93051";143;2266364;10016;147;2255327,31972789;9740,13605442177;159;2220114,25157233;9020,29559748428;"NOISYLEGRAND";64619;27456,9169924669;25946,8514336645;187,291918788799;1322,77364001364;64014,3352677387
"93053";64;2125788;8134;60;2253342,9;8950,65;58;2297010,55172414;9449,20689655172;"NOISYLESEC";42607;17079,0369389693;16154,9715766956;70,9137290585682;853,151633215108;41726,9979878413
"93055";78;2144937;7895;82;2117467,46341463;8109,07317073171;84;2150451,78571429;7894,5;"PANTIN";54852;25614,9408088858;23554,8595472338;627,907563408409;1432,17369824363;54133,0018067738
"93057";88;2105412;7463;86;2166659,54651163;7704,16279069767;76;2137608,34210526;7483,42105263158;"LESPAVILLONSSOUSBOIS";23135;9937,54009827122;9110,05373666022;70,1214067310066;757,364954879991;22903,3323136386
"93064";91;2102375;7403;90;2088548,72222222;7167,82222222222;93;2125208,41935484;7503,25806451613;"ROSNYSOUSBOIS";44448;19245,3305455237;17925,5896058316;141,020760593539;1178,72017909857;43483,0091222675
"93066";53;2367602;8513;55;2190929,58181818;7824,85454545455;55;2312349,56363636;8864,8;"SAINTDENIS";110733;46202,1733241898;43123,0515745891;307,870060672533;2771,25168892817;107695,452417664
"93070";60;2067980;7872;63;2060311,04761905;7240,39682539683;64;2166350,75;8150,453125;"SAINTOUEN";47432;24003,9915507934;21876,1104751622;282,939914223966;1844,94116140727;46810,0002402349
"93077";185;2491160;9567;188;2386217,69148936;8543,12234042553;198;2410074,96464646;9093,68686868687;"VILLEMOMBLE";29500;12985,0693156704;12171,2823306454;77,5248752281669;736,262109796823;28917,9966854807
"94002";67;2116331;8026;73,0120703595447;2187458,35773463;8536,66810964657;77,0767180587933;2202535,920099;8615,34842209627;"ALFORTVILLE";45043;21721,091935321;20056,7487398992;190,706426742172;1473,63676867964;44616,6647124481
"94003";57;2335373;9552;NA;NA;NA;NA;NA;NA;"ARCUEIL";20911;10233,3185611505;9443,49025305782;96,6528768668509;693,175431225856;20792,0022863166
"94016";147;2172243;7655;153,014656865161;2199389,83637539;6802,04193357753;162,097176207805;2212445,98227019;6503,02772315685;"CACHAN";29932;13242,0410193518;12608,4865091654;114,36393449338;519,190575693045;28082,9939846049
"94017";171;2313389;8811;160,031038067401;2423241,60999116;9515,56162074488;166,19435241561;2469621,87307617;9531,57823762718;"CHAMPIGNYSURMARNE";76450;31453,6587480785;29503,4232451115;178,148818471122;1772,08668449591;75384,9942695594
"94018";433;2317494;8598;433,093114202201;2377742,81016044;8827,04716361378;458,588171784082;2368374,95618673;8757,12705761549;"CHARENTONLEPONT";30774;15335,9154561868;14077,5173845969;495,018425172073;763,379646417779;30704,0004203889
"94022";83;2276997;9064;78,0146568651614;2414414,9143304;10702,5296931938;76,0664889842876;2433221,3743433;9742,92431400337;"CHOISYLEROI";43405;19384,9643470333;18042,1832424237;147,58217001504;1195,19893459459;42977,3644814096
"94028";219;2259237;8498;229,037073247173;2212340,0143046;7525,24613339945;240,219925101874;2176339,96849337;7049,52664868825;"CRETEIL";91042;38241,1902378924;36745,6946449853;321,558943369392;1173,93664953775;89862,9938961111
"94033";562;2618032;10418;584,143119977458;2661493,4243613;10535,7801281969;606,889929482003;2712968,24426795;10621,7776449307;"FONTENAYSOUSBOIS";53272;23523,610187242;22303,1808279292;193,677747919453;1026,75161139336;52557,3298025572
"94034";50;2330924;9111;57,0112081910058;2398727,58980867;8549,75349063168;58,0818325960462;2449485,81058634;8416,22305914739;"FRESNES";26808;10818,6237662696;10129,4148681024;84,5531632147375;604,65573495251;23855,9639305432
"94038";204;2128180;7731;206,032762404478;2171085,81247676;7399,63366706946;207,204581490116;2174588,15885467;7725,65265444518;"L'HAYLESROSES";30772;13318,3862711;12643,2561633674;102,048670290255;573,081437442379;30094,0060987059
"94041";104;2633059;7049;110,013794696622;2613594,54854068;7150,78274873346;109,102290745058;2130105,74141636;7257,30749398091;"IVRYSURSEINE";59793;28515,1463194988;26407,4883923071;615,312461722403;1492,34546546934;58194,6578105186
"94043";60;2154653;7456;62,0077595168501;2096895,99925297;6972,64258345303;67,0409162980231;2021008,09965278;6146,38213729097;"LEKREMLINBICETRE";25661;12616,4210500853;11685,2908013124;238,221660620642;692,908588152227;25142,6701686844
"94046";291;2185700;8373;298,042246258406;2191468,39173455;8137,71660786582;314,286414086162;2220530,85725703;8210,92618606845;"MAISONSALFORT";54841;27168,173775975;25174,8198521529;433,849699309198;1559,5042245129;54202,9955960028
"94052";730;2726342;11946;758,179331056092;2779478,66249435;11363,501469519;743,058709211349;2851643,78561206;11719,0125745018;"NOGENTSURMARNE";31292;16405,2289843405;14505,5937272144;251,354863249827;1648,28039387628;31003,9954535793
"94058";426;2338962;8540;442,088803359507;2366705,49638015;9074,11243209049;448,537026411553;2425145,83649687;8852,53432182579;"LEPERREUXSURMARNE";33720;16066,9499420685;14952,0449070676;241,341245058634;873,563789942268;33405,0010545846
"94067";804;2819048;12855;823,222439483037;2843223,06536997;12818,9488735675;819,319550611246;2888444,74027534;12287,2066715002;"SAINTMANDE";22275;11598,9422260174;10383,704265509;331,705797570611;883,53216293774;22021,0014132249
"94068";1566;2605408;10144;1598,35090259533;2630134,27211292;10313,5503469773;1656,23505277951;2676455,47092128;10405,3347533464;"SAINTMAURDESFOSSES";75285;36962,148942587;33810,5756035123;450,056522894899;2701,51681617977;74363,9959427864
"94071";187;2228943;8293;184,031038067401;2255245,83436042;8423,20567921911;196,199466952863;2255897,6912897;8627,55078899665;"SUCYENBRIE";25853;10814,3758736343;10325,3642990715;66,796437576472;422,21513698628;25551,0036304493
"94073";127;2334734;10288;130,02327855055;2364339,46367536;9976,61017719653;126,127863431322;2378027,5415586;9534,18152923526;"THIAIS";28812;12843,4585470823;11999,0069224761;204,771951912314;639,679672693875;27915,9424895454
"94076";96;2324187;8417;102,019829876395;2334686,59223863;8535,03180455039;109,112519819564;2279456,67837419;7610,07741561299;"VILLEJUIF";57781;25677,5701273286;23787,1358188002;594,857861459352;1295,57644706902;56514,9334969214
"94079";85;2044969;7004;87,0120703595447;2052698,80468737;6878,74363727402;86,0767180587933;2098990,6147301;7230,36466271752;"VILLIERSSURMARNE";28278;11554,1708029977;11070,1553529185;115,723056902415;368,292393176748;27580,9892457222
"94080";1000;2348477;8796;1010,21036912349;2377323,28840712;9046,53953401756;1048,28886338773;2391257,06591103;9005,70678940039;"VINCENNES";49136;27442,0592844038;24755,6536643323;1073,28586534999;1613,1197547215;48827,5301254793
"94081";146;2058751;7466;143,024140719089;2076688,66903483;7009,8904351344;141,143207043081;2134801,50514333;7220,17186805943;"VITRYSURSEINE";91188;37854,6316150284;35838,4759264782;439,257695464344;1576,89799308587;89870,9951633649
"95018";130;2490482;9275;134;2537353,92537313;9626,08955223881;141,042999773614;2598946,69659297;9466,41950755013;"ARGENTEUIL";108865;44231,5858408029;41212,6354895379;304,575514654352;2714,37483661067;106895,995898809
"95127";84;2109919;6780;89;2106138,49438202;6881,05617977528;95,0202351875829;2117931,79608608;6812,635207143;"CERGY";62979;26865,6733672022;24617,0476339443;411,036508329013;1837,58922492886;62105,8355539238
"95176";131;2201066;8325;128;2233429,28125;8575,28125;127,036676277494;2231334,52159854;8227,9012038303;"CORMEILLESENPARISIS";23818;9737,32035294657;9272,01791368618;102,978239763836;362,324199496555;23194,0120898806
"95197";106;2040345;6787;113;2042633,28318584;7017,2389380531;117,017705789135;2013873,77712241;6811,99306954255;"DEUILLABARRE";21963;10025,3385817805;9095,48770103817;86,7375417756343;843,113338966686;21914,0008695908
"95203";137;2031894;6687;138;2095285,1884058;7197,34782608696;135,031617480598;2149134,97665609;7602,70061335399;"EAUBONNE";24393;10398,9961247916;9789,75329706058;68,032677557373;541,210150173598;23857,2710453981
"95219";100;1985201;6491;102;2025564,17647059;6699,13725490196;100,016441089911;2101600,5102495;7286,84032240468;"ERMONT";28925;12563,35532162;11930,9474088343;92,0493261789453;540,358586606746;28508,9883780197
"95252";59;2727008;15181;52;2956886,98076923;13974,6923076923;59,0151763906872;2981582,44543646;13025,4298878209;"FRANCONVILLE";34014;14811,3590297516;14077,0283633621;110,203028317149;624,127638072392;33655,6702550542
"95306";106;2378692;10290;112;2324773,58035714;9484,83928571429;111,030352781374;2312584,25166261;9662,55263568634;"HERBLAY";27692;10736,1071332024;10173,0188278953;77,3665137347573;485,721791572358;26898,9916487401
"95428";283;2667973;11267;308;2643997,79545455;11522,1331168831;312,108764133258;2960647,12253649;15390,6097131694;"MONTMORENCY";20866;9595,53178098499;8708,61369431133;172,127454474786;714,790632198876;20086,9971571276
"95500";87;2477195;10169;102;2399748,73529412;9531,20588235294;106,036676277494;2470604,96127459;9355,21408670228;"PONTOISE";29766;13493,6412025671;12517,3382868069;114,057163452856;862,245752307296;28812,9892495065
"95555";125;2358342;8429;121;2385215,59504132;8012,09917355372;133,042999773614;2479490,59337884;8675,48688507888;"STGRATIEN";20996;9337,39249710311;8909,81781472907;56,9198899776971;370,65479239634;20799,0023769078
"95582";72;2354164;8290;79;2375769,11392405;8445,16455696203;77,0202351875829;2483844,74934012;8764,45590746814;"SANNOIS";26826;11028,8449431936;10363,061936921;72,4673963325677;593,315609940076;26371,0068078133
"95607";88;2055236;6993;95;2098599,70526316;7400,43157894737;98,0227645860307;2146665,44408181;8029,7892441155;"TAVERNY";25875;10847,9997837527;10279,8798828176;72,6277997292204;495,492101205891;25393,0000101393
"97113";86;2612963;11524;87;2566149,71264368;10318,3908045977;95;2516104,70526316;9838,91578947368;"LEGOSIER";27590;15798,4457170965;12266,1224741328;1542,51104509588;1989,81219786784;27468,2050538956
"97209";91;2899445;12490;93;2940262,79569892;11663,2258064516;94,8633995093229;3012660,48946314;12283,5814091;"FORTDEFRANCE";83651;46722,9530004285;38251,9094179133;670,278921056166;7800,76466145898;82159,3694120867
"97229";53;2748380;12518;64;2746020,828125;12361,1875;61,3809115482307;2694969,40209668;12789,0626776886;"SCHOELCHER";19945;11132,4747401336;9181,98299723746;338,301599795685;1612,19014310048;19079,3356883728
"97302";NA;NA;NA;NA;NA;NA;55;3253865,47272727;20434,7636363636;"CAYENNE";55817;23130,022987273;20866,9642877973;252,288863909745;2010,76983556599;55002,0026293585
"97408";69;2102561;6172;74;2125650,24324324;7882;71,0091827060071;2094078,87552711;7101,04697494802;"LAPOSSESSION";32261;12535,2523164455;11543,8558679522;124,030097253178;867,366351240127;32154,9991119412
"97409";NA;NA;NA;NA;NA;NA;56,0137740590106;2331741,79082067;8963,07210752812;"SAINTANDRE";55900;20469,4534963027;18889,8927162487;135,428582598212;1444,1321974558;55487,3318714965
"97411";502;2416498;10230;517;2452215,38491296;9899,73887814313;524,131312695901;2483837,31620903;10379,3474960083;"SAINTDENIS";144642;69546,9727430532;60755,8105822414;711,346317223004;8079,81584358878;142294,825927369
"97415";268;2526495;8874;289;2576041,74394464;10608,4290657439;306,085399165866;2521703,80255224;9712,37596924169;"SAINTPAUL";104634;42198,2798023818;37187,9173810636;1672,59206013415;3337,77036118404;103856,026894447
"97416";155;2415886;9494;164;2479503,57926829;9746,35975609756;155,043158718233;2652221,22495918;10650,244768194;"SAINTPIERRE";81583;33912,0830535019;31148,4799491708;510,791894982631;2252,81120934848;80124,4421104249
"97418";66;2769799;9283;69;2783420,47826087;9536,69565217391;74,0119375178092;2145892,16828797;7666,32962460589;"SAINTEMARIE";33042;12651,2391785328;11621,1384604522;35,7610863090254;994,339631771606;32857,6667697642
"97422";147;2138722;7865;139;2215184,63309353;8353,97122302158;144,032139471025;2253295,07221552;8816,27874649863;"TAMPON";76796;32710,0910492881;29662,4599713429;1004,31703175207;2043,31404619316;76408,0672664655
